DROP TABLE "calls";
CREATE TABLE "calls" ("id" INTEGER PRIMARY KEY AUTOINCREMENT,"robot" INTEGER,"user" varchar(255),"created_at" datetime,"started_at" datetime,"ended_at" datetime,"json_parameters" text,"json_return" text,"status" varchar(255));

DROP TABLE "robots";
CREATE TABLE "robots" (
	"id" INTEGER PRIMARY KEY AUTOINCREMENT,
	"name" varchar(255),
	"path" varchar(255),
	"description" text, 
	"enterprise" varchar(255), 
	"department" varchar(255), 
	"with_parameters_file" INTEGER
);

DROP TABLE "robots_parameters";
CREATE TABLE "robots_parameters" ("id" INTEGER PRIMARY KEY AUTOINCREMENT,"name" varchar(255),"type" varchar(255),"parameter_name" varchar(255),"robot" INTEGER,"default_value" varchar(255),"help" varchar(255));

DROP TABLE "sqlite_sequence";
CREATE TABLE sqlite_sequence(name,seq);

INSERT INTO "calls" ("id", "robot", "user", "created_at", "started_at", "ended_at", "json_parameters", "json_return", "status") VALUES
('5', '125', 'zac', '2022-01-17 11:12:08', '2022-01-17 11:12:22', '2022-01-17 11:12:35', '{}', '{"html": "Retorno da tarefa Limpar pasta Scanner<br><br>Limpando a pasta de scanner: ok<br>"}', NULL),
('6', '126', 'zac', '2022-01-17 11:24:25', '2022-01-17 11:25:21', '2022-01-17 11:26:08', '{}', '{"html": "Retorno da tarefa Utiliza\u00e7\u00e3o dos rob\u00f4s mensal <br><br>1 - Pegando usos do G:: ok<br>2 - Pegando usos do ZAC: ok<br>''3 - Criando tabela de usos'': <br><br><table border=\"1\"><tr><th>Total de tarefas usadas no m\u00eas 12</th><th>Total de tarefas n\u00e3o usadas no m\u00eas 12</th></tr><tr><td>25</td><td>52</td></tr></table><h1>Tabela de usos por tarefa</h1><table border=\"1\"><tr><th>Tarefa</th><th>Contagem</th></tr><tr><td>Alterar Data Entrada SCI Fiscal</td><td>1</td></tr><tr><td>Aluita Caixinhas</td><td>6</td></tr><tr><td>Aluita Templates Importa\u00e7\u00e3o Novos</td><td>22</td></tr><tr><td>Aluita Templates e Juros Liquidacao</td><td>28</td></tr><tr><td>Baixar Notas Automaticamente(Qualquer Empresa)</td><td>2</td></tr><tr><td>Bodega - Template Itau</td><td>11</td></tr><tr><td>Brilia - Template Itau</td><td>12</td></tr><tr><td>Brondani Importa\u00e7\u00e3o</td><td>4</td></tr><tr><td>Converter PDF para Excel</td><td>6</td></tr><tr><td>Ecofetal Importa\u00e7\u00e3o</td><td>1</td></tr><tr><td>Ecofetal Receitas e Taxa Padr\u00e3o</td><td>1</td></tr><tr><td>FAPERS - Folha para layout BVPREV</td><td>1</td></tr><tr><td>Inserir Notas em Massa XML(Qualquer Empresa)</td><td>28</td></tr><tr><td>Norberto Baruffaldi Advogados Templates Bancos</td><td>39</td></tr><tr><td>Pantano grande Templates</td><td>1</td></tr><tr><td>Ponto Online Importa\u00e7\u00e3o</td><td>5</td></tr><tr><td>Protecaes Contas a Pagar STD</td><td>7</td></tr><tr><td>Protec\u00e3es Template CEF Contas a Pagar</td><td>2</td></tr><tr><td>Protec\u00e3es Template CEF recebidas</td><td>6</td></tr><tr><td>Protec\u00e3es Template STD recebidas</td><td>3</td></tr><tr><td>Proterisco Contas a Pagar STD</td><td>5</td></tr><tr><td>Proterisco Template STD recebidas</td><td>1</td></tr><tr><td>Rock Template Importa\u00e7\u00e3o Sicredi</td><td>1</td></tr><tr><td>Separar XML Nota por pastas de Produto</td><td>1</td></tr><tr><td>Verificar Horas ZAC</td><td>19</td></tr></table><h1>Tabela de usos por usuario</h1><table border=\"1\"><tr><th>Usuario</th><th>Contagem</th></tr><tr><td>Administrador</td><td>2</td></tr><tr><td>contabil</td><td>1</td></tr><tr><td>contabil02</td><td>18</td></tr><tr><td>contabil03</td><td>4</td></tr><tr><td>contabil04</td><td>81</td></tr><tr><td>contabil06</td><td>21</td></tr><tr><td>contabil07</td><td>44</td></tr><tr><td>contabil08</td><td>11</td></tr><tr><td>fiscal01</td><td>26</td></tr><tr><td>fiscal03</td><td>2</td></tr><tr><td>fiscal04</td><td>2</td></tr><tr><td>pessoal01</td><td>1</td></tr></table><h1>Tabela de usos por tarefa com usuarios e usos por tarefa</h1><table border=\"1\"><tr><th>Tarefa</th><th>Usuario</th><th>Contagem</th></tr><tr><td>Alterar Data Entrada SCI Fiscal</td><td>fiscal03</td><td>1</td></tr><tr><td>Aluita Caixinhas</td><td>contabil04</td><td>6</td></tr><tr><td>Aluita Templates Importa\u00e7\u00e3o Novos</td><td>contabil04</td><td>22</td></tr><tr><td>Aluita Templates e Juros Liquidacao</td><td>contabil04</td><td>28</td></tr><tr><td>Baixar Notas Automaticamente(Qualquer Empresa)</td><td>fiscal04</td><td>2</td></tr><tr><td>Bodega - Template Itau</td><td>contabil04</td><td>2</td></tr><tr><td>Bodega - Template Itau</td><td>contabil07</td><td>9</td></tr><tr><td>Brilia - Template Itau</td><td>contabil04</td><td>8</td></tr><tr><td>Brilia - Template Itau</td><td>contabil07</td><td>4</td></tr><tr><td>Brondani Importa\u00e7\u00e3o</td><td>contabil08</td><td>4</td></tr><tr><td>Converter PDF para Excel</td><td>contabil03</td><td>4</td></tr><tr><td>Converter PDF para Excel</td><td>contabil07</td><td>2</td></tr><tr><td>Ecofetal Importa\u00e7\u00e3o</td><td>contabil06</td><td>1</td></tr><tr><td>Ecofetal Receitas e Taxa Padr\u00e3o</td><td>contabil06</td><td>1</td></tr><tr><td>FAPERS - Folha para layout BVPREV</td><td>pessoal01</td><td>1</td></tr><tr><td>Inserir Notas em Massa XML(Qualquer Empresa)</td><td>Administrador</td><td>2</td></tr><tr><td>Inserir Notas em Massa XML(Qualquer Empresa)</td><td>fiscal01</td><td>26</td></tr><tr><td>Norberto Baruffaldi Advogados Templates Bancos</td><td>contabil04</td><td>10</td></tr><tr><td>Norberto Baruffaldi Advogados Templates Bancos</td><td>contabil07</td><td>29</td></tr><tr><td>Pantano grande Templates</td><td>contabil08</td><td>1</td></tr><tr><td>Ponto Online Importa\u00e7\u00e3o</td><td>contabil04</td><td>5</td></tr><tr><td>Protecaes Contas a Pagar STD</td><td>contabil02</td><td>7</td></tr><tr><td>Protec\u00e3es Template CEF Contas a Pagar</td><td>contabil02</td><td>2</td></tr><tr><td>Protec\u00e3es Template CEF recebidas</td><td>contabil02</td><td>6</td></tr><tr><td>Protec\u00e3es Template STD recebidas</td><td>contabil02</td><td>3</td></tr><tr><td>Proterisco Contas a Pagar STD</td><td>contabil</td><td>1</td></tr><tr><td>Proterisco Contas a Pagar STD</td><td>contabil08</td><td>4</td></tr><tr><td>Proterisco Template STD recebidas</td><td>contabil08</td><td>1</td></tr><tr><td>Rock Template Importa\u00e7\u00e3o Sicredi</td><td>contabil08</td><td>1</td></tr><tr><td>Separar XML Nota por pastas de Produto</td><td>fiscal03</td><td>1</td></tr><tr><td>Verificar Horas ZAC</td><td>contabil06</td><td>19</td></tr></table><h1>Tabela de tarefas n\u00e3o usadas</h1><table border=\"1\"><tr><th>Tarefa</th></tr><tr><td>1001 Recargas Templates Importacao</td></tr><tr><td>A Milimetrica Templates Importacao</td></tr><tr><td>Acompanhamento Mensal Cont\u00e1bil</td></tr><tr><td>Aluita Consolidar PAGFOR e Liquida\u00e7\u00f5es </td></tr><tr><td>Aluita Pagamentos BERGS BB</td></tr><tr><td>Associa\u00e7\u00e3o Importacao Questor</td></tr><tr><td>Barth Importa\u00e7\u00e3o</td></tr><tr><td>Baruffaldi Investimentos Template Bancos</td></tr><tr><td>Buscar Diverg\u00eancias no Sefaz</td></tr><tr><td>CB POA Templates</td></tr><tr><td>CB Poa Importa\u00e7\u00e3o Contas a Pagar</td></tr><tr><td>Comparar Folhas de Pagamento</td></tr><tr><td>Concilia\u00e7\u00e3o Cont\u00e1bil \u00danico</td></tr><tr><td>Converter Folha de Pagmento pra Modelo Intech</td></tr><tr><td>Criar Template Cont\u00e1bil Avulso</td></tr><tr><td>DWRF2 Template</td></tr><tr><td>E.Fioreze Templates</td></tr><tr><td>EVB Template</td></tr><tr><td>Evanize Importa\u00e7\u00e3o Templates</td></tr><tr><td>FVKL Importa\u00e7\u00e3o</td></tr><tr><td>Fiori Mores Templates</td></tr><tr><td>Grafica Relampago Templates</td></tr><tr><td>Importar Fatura A Receber</td></tr><tr><td>Inaia Importa\u00e7\u00e3o</td></tr><tr><td>Infostok Criar Templates para Importa\u00e7\u00e3o</td></tr><tr><td>Infostok Template Extratos</td></tr><tr><td>JD Engenharia Importa\u00e7\u00e3o</td></tr><tr><td>MGM - Inserir Centros de Custo</td></tr><tr><td>Mamoscan Template</td></tr><tr><td>Mottin (025) Templates</td></tr><tr><td>Mottin (386) Templates</td></tr><tr><td>Mottin Participa\u00e7\u00f5es - Template Credito Real</td></tr><tr><td>Mottin Participa\u00e7\u00f5es Template Ext. CC</td></tr><tr><td>Protecaes - Encontrar erros SPED Questor</td></tr><tr><td>Protecaes Importa\u00e7\u00e3o Saidas STD ANTIGO</td></tr><tr><td>Protec\u00e3es Importar Entradas ANTIGO</td></tr><tr><td>Protec\u00e3es Importar Fatura A Receber</td></tr><tr><td>Protec\u00e3es Templates Importa\u00e7\u00e3o</td></tr><tr><td>Rob\u00f4s Utilizados No M\u00eas</td></tr><tr><td>Roslank Importa\u00e7\u00e3o</td></tr><tr><td>SML Importa\u00e7\u00e3o</td></tr><tr><td>Sonora Importa\u00e7\u00e3o Templates</td></tr><tr><td>Template Importa\u00e7\u00e3o</td></tr><tr><td>Templates Casa Dionisia</td></tr><tr><td>Terres E Keller Importa\u00e7\u00e3o</td></tr><tr><td>Tintas Importa\u00e7\u00e3o</td></tr><tr><td>Unico - Fiscal - Verificar CFOPs errados do Participante</td></tr><tr><td>Villeroy Template Importa\u00e7\u00e3o</td></tr><tr><td>Vinicius Dalcin Importa\u00e7\u00e3o</td></tr><tr><td>Vitaforte Template Importa\u00e7\u00e3o</td></tr><tr><td>Zampieron - Inserir Centros de Custo</td></tr><tr><td>Zampieron Importa\u00e7\u00e3o Bancos</td></tr></table><br>"}', NULL),
('7', '127', 'zac', '2022-01-17 11:37:40', '2022-01-17 11:37:58', '2022-01-17 11:38:07', '{}', '{"html": "Retorno da tarefa Teste de Funcionamento<br><br>Parametro recebido: null<br>Status conex\u00e3o bancos de dados:<br>Mysql ZAC: OK<br>Sci Unico: OK<br><br>Status Selenium Webdriver Chrome:<br>Abrindo: OK<br>Local do ChromeDriver: C:\\Users\\zac\\.m2\\repository\\webdriver\\chromedriver\\win32\\97.0.4692.71\\chromedriver.exe<br>Vers\u00e3o do ChromeDriver Baixado: 97.0.4692.71<br>\u00daltima Vers\u00e3o do Google Chrome(incluindo Canary): 98.0.4758.48<br>"}', NULL),
('10', '11', 'zac', '2022-01-17 12:47:03', '2022-01-17 13:28:10', '2022-01-17 13:28:54', '{"mes": 1}', '{"html": "Erro: Referente \u00e0s Caixas ALUITA 01/2022<br><br><br>Ocorreu um erro no vba e eu n\u00e3o consegui identificar. O erro foi:<br> -2147221503 - N\u00e3o achei o arquivo excel da filial NH sem ''consolidado'' no nome na pasta: <a href = ''\\\\heimerdinger\\docs\\Cont\u00e1bil\\Clientes\\Aluita Aluminio Porto Alegre Ltda\\Escritura\u00e7\u00e3o mensal\\2022\\Extratos\\01.2022\\CAIXINHAS\\''>CAIXINHAS</a>.<br><br><br> Eu parei nessa parte.<br><br>Esse \u00e9 um email enviado pelo zac, n\u00e3o responda.\n"}', NULL),
('11', '98', 'zac', '2022-01-17 16:18:22', NULL, NULL, '{"mes": 1, "ano": "2020", "empresa": "331"}', NULL, NULL),
('12', '127', 'zac', '2022-01-18 15:18:55', '2022-01-18 15:19:20', '2022-01-19 14:46:15', '{}', '{"html": "Retorno da tarefa Teste de Funcionamento<br><br>Parametro recebido: null<br>Status conex\u00e3o bancos de dados:<br>Mysql ZAC: OK<br>Sci Unico: OK<br><br>Status Selenium Webdriver Chrome:<br>Abrindo: OK<br>Local do ChromeDriver: C:\\Users\\zac\\.m2\\repository\\webdriver\\chromedriver\\win32\\97.0.4692.71\\chromedriver.exe<br>Vers\u00e3o do ChromeDriver Baixado: 97.0.4692.71<br>\u00daltima Vers\u00e3o do Google Chrome(incluindo Canary): 98.0.4758.48<br>"}', NULL),
('13', '127', 'ti01', '2022-01-19 14:00:32', '2022-01-19 14:39:37', '2022-01-19 14:46:15', '{}', '{"html": "Retorno da tarefa Teste de Funcionamento<br><br>Parametro recebido: null<br>Status conex\u00e3o bancos de dados:<br>Mysql ZAC: OK<br>Sci Unico: OK<br><br>Status Selenium Webdriver Chrome:<br>Abrindo: OK<br>Local do ChromeDriver: C:\\Users\\zac\\.m2\\repository\\webdriver\\chromedriver\\win32\\97.0.4692.71\\chromedriver.exe<br>Vers\u00e3o do ChromeDriver Baixado: 97.0.4692.71<br>\u00daltima Vers\u00e3o do Google Chrome(incluindo Canary): 98.0.4758.48<br>"}', NULL),
('14', '127', 'zac', '2022-01-19 14:41:26', '2022-01-19 14:41:46', '2022-01-19 14:46:15', '{}', '{"html": "Retorno da tarefa Teste de Funcionamento<br><br>Parametro recebido: null<br>Status conex\u00e3o bancos de dados:<br>Mysql ZAC: OK<br>Sci Unico: OK<br><br>Status Selenium Webdriver Chrome:<br>Abrindo: OK<br>Local do ChromeDriver: C:\\Users\\zac\\.m2\\repository\\webdriver\\chromedriver\\win32\\97.0.4692.71\\chromedriver.exe<br>Vers\u00e3o do ChromeDriver Baixado: 97.0.4692.71<br>\u00daltima Vers\u00e3o do Google Chrome(incluindo Canary): 98.0.4758.48<br>"}', NULL),
('15', '125', 'ti01', '2022-01-20 10:30:23', '2022-01-20 10:31:16', '2022-01-20 10:32:15', '{}', '{"html": "Retorno da tarefa Limpar pasta Scanner<br><br>Limpando a pasta de scanner: ok<br>"}', NULL),
('16', '127', 'ti01', '2022-01-20 10:30:23', '2022-01-20 10:31:29', '2022-01-20 10:32:15', '{}', '{"html": "Retorno da tarefa Teste de Funcionamento<br><br>Parametro recebido: null<br>Status conex\u00e3o bancos de dados:<br>Mysql ZAC: OK<br>Sci Unico: OK<br><br>Status Selenium Webdriver Chrome:<br>Abrindo: OK<br>Local do ChromeDriver: C:\\Users\\zac\\.m2\\repository\\webdriver\\chromedriver\\win32\\97.0.4692.71\\chromedriver.exe<br>Vers\u00e3o do ChromeDriver Baixado: 97.0.4692.71<br>\u00daltima Vers\u00e3o do Google Chrome(incluindo Canary): 98.0.4758.48<br>"}', NULL),
('17', '125', 'ti01', '2022-01-20 12:28:20', '2022-01-20 12:29:16', '2022-01-20 12:30:15', '{}', '{"html": "Retorno da tarefa Limpar pasta Scanner<br><br>Limpando a pasta de scanner: ok<br>"}', NULL),
('18', '125', 'ti01', '2022-01-20 12:28:55', '2022-01-20 12:29:17', '2022-01-20 12:30:15', '{}', '{"html": "Retorno da tarefa Limpar pasta Scanner<br><br>Limpando a pasta de scanner: ok<br>"}', NULL),
('19', '125', 'ti01', '2022-01-20 12:29:57', '2022-01-20 12:30:16', '2022-01-20 12:31:15', '{}', '{"html": "Retorno da tarefa Limpar pasta Scanner<br><br>Limpando a pasta de scanner: ok<br>"}', NULL),
('20', '125', 'ti01', '2022-01-20 12:32:23', '2022-01-20 12:33:16', '2022-01-20 12:34:15', '{}', '{"html": "Retorno da tarefa Limpar pasta Scanner<br><br>Limpando a pasta de scanner: ok<br>"}', NULL),
('21', '125', 'ti01', '2022-01-20 12:38:53', '2022-01-20 12:39:16', '2022-01-20 12:40:15', '{}', '{"html": "Retorno da tarefa Limpar pasta Scanner<br><br>Limpando a pasta de scanner: ok<br>"}', NULL),
('22', '125', 'ti01', '2022-01-20 12:40:30', '2022-01-20 12:41:16', '2022-01-20 12:42:15', '{}', '{"html": "Retorno da tarefa Limpar pasta Scanner<br><br>Limpando a pasta de scanner: ok<br>"}', NULL),
('23', '125', 'ti01', '2022-01-20 12:43:25', '2022-01-20 12:44:16', '2022-01-20 12:45:15', '{}', '{"html": "Retorno da tarefa Limpar pasta Scanner<br><br>Limpando a pasta de scanner: ok<br>"}', NULL),
('24', '125', 'ti01', '2022-01-20 12:44:05', '2022-01-20 12:44:17', '2022-01-20 12:45:15', '{}', '{"html": "Retorno da tarefa Limpar pasta Scanner<br><br>Limpando a pasta de scanner: ok<br>"}', NULL),
('25', '125', 'ti01', '2022-01-20 12:46:02', '2022-01-20 12:46:16', '2022-01-20 12:47:15', '{}', '{"html": "Retorno da tarefa Limpar pasta Scanner<br><br>Limpando a pasta de scanner: ok<br>"}', NULL),
('26', '125', 'ti01', '2022-01-20 12:47:25', '2022-01-20 12:48:16', '2022-01-20 12:49:15', '{}', '{"html": "Retorno da tarefa Limpar pasta Scanner<br><br>Limpando a pasta de scanner: ok<br>"}', NULL),
('27', '125', 'ti01', '2022-01-20 12:50:21', '2022-01-20 12:51:16', '2022-01-20 12:52:15', '{}', '{"html": "Retorno da tarefa Limpar pasta Scanner<br><br>Limpando a pasta de scanner: ok<br>"}', NULL),
('28', '125', 'ti01', '2022-01-20 12:53:36', '2022-01-20 12:54:16', '2022-01-20 12:55:15', '{}', '{"html": "Retorno da tarefa Limpar pasta Scanner<br><br>Limpando a pasta de scanner: ok<br>"}', NULL),
('29', '125', 'ti01', '2022-01-20 12:55:11', '2022-01-20 12:55:16', '2022-01-20 12:56:15', '{}', '{"html": "Retorno da tarefa Limpar pasta Scanner<br><br>Limpando a pasta de scanner: ok<br>"}', NULL),
('30', '125', 'ti01', '2022-01-20 12:57:21', '2022-01-20 12:58:16', '2022-01-20 12:59:15', '{}', '{"html": "Retorno da tarefa Limpar pasta Scanner<br><br>Limpando a pasta de scanner: ok<br>"}', NULL),
('32', '128', 'zac', '2022-01-24 16:33:17', '2022-01-24 16:43:17', '2022-01-24 16:44:15', '{"mes": 12, "ano": "2021", "ini": "robot-zampieron_bbcc"}', '{"html": "Retorno da tarefa Importa\u00e7\u00e3o Ponto Online Cursos Ltda - Zampieron BB CC 12/2021<br><br><br>Erro em ''Procurando arquivo bb;.csv'': N\u00e3o foi encontrado o arquivo ''bb;.csv'' na pasta <a href=''\\\\HEIMERDINGER\\DOCS\\Cont\u00e1bil\\Clientes\\Ponto Online Cursos Ltda\\Escritura\u00e7\u00e3o mensal\\2021\\Extratos\\12.2021\\B brasil cc''>B brasil cc</a>"}', NULL),
('33', '128', 'zac', '2022-01-24 16:45:11', '2022-01-24 16:45:20', '2022-01-24 16:46:15', '{"mes": 12, "ano": "2021", "ini": "robot-zampieron_bbcc"}', '{"html": "Retorno da tarefa Importa\u00e7\u00e3o Zampieron & Dalallacorte - Zampieron BB CC 12/2021<br><br><br>Procurando arquivo bb;.csv: ok<br>''Criando template Template BB CC'': Template do banco Template BB CC salvo em <a href=''\\\\HEIMERDINGER\\DOCS\\Cont\u00e1bil\\Clientes\\Zampieron & Dalallacorte\\Escritura\u00e7\u00e3o mensal\\2021\\Extratos\\12.2021\\B brasil cc''>B brasil cc</a><br>"}', NULL);

INSERT INTO "robots" ("id", "name", "path", "description", "enterprise", "department", "with_parameters_file") VALUES
('11', 'Aluita Caixinhas', 'C:\Users\zac\Documents\Robots\Robots\Excel\AluitaCaixas.xlsm', 'Cria os arquivos consolidados das caixas aluita na pasta CAIXINHA para padrão de importação questor.', 'ALUITA', 'Contábil', '1'),
('22', 'Ecofetal Importação', 'C:\Users\zac\Documents\Robots\Robots\Java\RobotEcofetalImportation.jar', 'Cria Templates de importação dos bancos na pasta Movimentos/Bancos. Cria csv de importação para impostos retidos na pasta Movimento/Arquivos Importação.', 'ECOFETAL', 'Contábil', '1'),
('23', 'E-Fioreze Template de Importação', 'C:\Users\zac\Documents\Robots\Robots\Java\Robot-Efioreze.jar', 'Cria Template de importação dos bancos com os arquivos PDF de cada banco', 'E.FIOREZE', 'Contábil', '1'),
('29', 'Associação Importacao Questor', 'C:\Users\zac\Documents\Robots\Robots\Excel\AssocImportacao.xlsm', 'Faz a importação para o questor dos arquivos de boleto e extrato localizados na pasta de movimento.', 'ASSOC.AMIGOS JD.EUROPA', 'Contábil', '1'),
('42', 'Aluita Templates e Juros Liquidacao', 'C:/Users/zac/Documents/Robots/Robots/Java/Java-Robot-Aluita-Importation.jar', 'Cria templates para importação dos lançamentos no questor usando os extratos OFX dos bancos, os retornos e contas a pagar. Cria também o arquivo de juros de liquidação para importar no questor', 'ALUITA', 'Contábil', '1'),
('46', 'Mottin Participações Template Ext. CC', 'C:\Users\zac\Documents\Robots\Robots\Excel\MottinPartTemplateExtrato.xlsm', 'Cria template para importação utilizando o extrato de conta corrente', 'MOTTIN PARTICIPAÇÕES', 'Contábil', '1'),
('56', 'CB POA Templates', 'C:/Users/zac/Documents/Robots/Robots/Java/Robot-ContabilityTemplateImportation.jar', 'Cria templates dos bancos banrisul, bradesco e banco do brasil usando os OFX na pasta de extratos.', 'CB POA COM.DE ALIM. ', 'Contábil', '1'),
('70', 'JD Engenharia Importação', 'C:\Users\zac\Documents\Robots\Robots\Java\Robot-ContabilityTemplateImportation.jar', 'Cria Template para gerar CSV de importação para o Unico do banco Itau', 'JD ENGENHARIA', 'Contábil', '1'),
('72', 'Ponto Online Importação', 'C:\Users\zac\Documents\Robots\Robots\Java\ContabilityTemplateImportation.jar', 'Cria Template para gerar CSV de importação utilizando o arquivo PDF do banco do Brasil na pasta de Extratos', 'PONTO ON-LINE', 'Contábil', '1'),
('75', 'SML Importação', 'C:\Users\zac\Documents\Robots\Robots\Java\ContabilityTemplateImportation.jar', 'Cria template de importação para os bancos Caixinha, CEF , Sicoob e Itau.', 'SML COMERCIO DE PECAS', 'Contábil', '1'),
('77', 'Grafica Relampago Templates', 'C:\Users\zac\Documents\Robots\Robots\Java\Robot-Efioreze.jar', 'Cria template de importação dos bancos com os arquivos PDF de cada banco', 'GRAFICA RELAMPAGO', 'Contábil', '1'),
('78', 'Tintas Importação', 'C:\Users\zac\Documents\Robots\Robots\Excel\Tintas Importacao.xlsm', 'Utilizando os arquivos de ingressos e desembolsos comparados com os extratos em OFX cria templates para gerar csv em formato NLI pra Questor.', 'TINTAS BARUFFALDI ', 'Contábil', '1'),
('84', 'Template Importação', 'C:\Users\zac\Documents\Robots\Robots\Java\ContabilityTemplateImportation.jar', 'Gera template de importação para gerar CSV em do banco Itau em OFX.', 'C-3 INVESTIMENTOS', 'Contábil', '1'),
('87', 'Vitaforte Template Importação', 'C:\Users\zac\Documents\Robots\Robots\Excel\VitaforteTemplateImportacao.xlsm', 'Cria template de importação para gerar arquivo txt no formato NLI do banco CEF.', 'VITAFORTE', 'Contábil', '1'),
('93', 'Aluita Templates Importação Novos', 'C:\Users\zac\Documents\Robots\Robots\Excel\AluitaTemplatesImportacao.xlsm', 'Cria templates de importação dos bancos ofx Banrisul, Santander, BB e Safra. No banco safra substitui os lançamentos "credito cobranca" pelos retornos safra. Os juros dos retornos safra são salvos na pasta de retornos safra em um arquivo csv pronto para importação no questor.', 'ALUITA', 'Contábil', '1'),
('95', 'Conciliação Contábil Único', 'C:\Users\zac\Documents\Robots\Robots\Java\ConciliateContabilityEntries.jar', 'Faz conciliação contábil dos lançamentos da(s) conta(s) contábil escolhida(s). Para escolher mais de uma conta, separe por ";". Para escolher mais de um participante, separe por ";". Só é possível utilizar vários participantes quando for definido somente uma conta contábil. Utilize "Zerar" conciliação para que o robô refaça a conciliação no período e iguale débitos e créditos. Escolha Períodos grandes pois valores pagos agora podem ter sido lançados até 365 atrás. Para conciliar todos os participantes da(s) conta(s) selecionada(s) é só deixar o participante em branco.', 'Nenhuma', 'Contábil', '1'),
('97', 'Importar Fatura A Receber', 'C:\Users\zac\Documents\Robots\Robots\Java\ProtecaesImportarFaturaAReceber.jar', 'Transforma arquivo Fatura a Receber.xls em arquivo csv de importação.', 'PROTERISCO', 'Contábil', '1'),
('101', 'CB Poa Importação Contas a Pagar', 'C:/Users/zac/Documents/Robots/Robots/Java/Robot-ContabilityTemplateImportation.jar', 'Importa lançamentos dos arquivos de contas a pagar para os templates de importação.', 'CB POA COM.DE ALIM. ', 'Contábil', '1'),
('102', 'Vinicius Dalcin Importação', 'C:/Users/zac/Documents/Robots/Robots/Java/Robot-ContabilityTemplateImportation.jar', 'Cria o template de importação do banco informado.', 'VINICIUS DALCIN', 'Contábil', '1'),
('103', 'Evanize Importação Templates', 'C:/Users/zac/Documents/Robots/Robots/Java/Robot-ContabilityTemplateImportation.jar', 'Cria templates de importação usando os Ofx dos bancos.', 'EVANIZE BECKER DALCIN', 'Contábil', '1'),
('104', 'Ecofetal Receitas e Taxa Padrão', 'C:\Users\zac\Documents\Robots\Robots\Excel\EcofetalReceitaETaxaPadrao.xlsm', 'Cria arquivo CSV de importação das receitas e Taxa Padrão', 'ECOFETAL', 'Contábil', '1'),
('106', 'Rock Template Importação Sicredi', 'C:/Users/zac/Documents/Robots/Robots/Java/Robot-ContabilityTemplateImportation.jar', 'Cria template de importação do extrato do sicredi', 'ROCK INTERNET E PROCESSAMENTO DE DADOS S.A.', 'Contábil', '1'),
('107', 'Norberto Baruffaldi Advogados Templates Bancos', 'C:\Users\zac\Documents\Robots\Robots\Java\Robot-BaruffaldiTemplates.jar', 'Cria os templates de importação para gerar os arquivos de importação dos bancos Banrisul Novo/Antigo e CEF.', 'NORBERTO BARUFFALDI ADVOGADOS', 'Contábil', '1'),
('108', 'Baruffaldi Investimentos Template Bancos', 'C:\Users\zac\Documents\Robots\Robots\Java\ContabilityTemplateImportation.jar', 'Cria os templates de importação para gerar os arquivos de importação doa banco Banrisul.', 'BARUFFALDI INVESTIMENTOS', 'Contábil', '1'),
('109', 'Protecaes Contas a Pagar STD', 'C:\Users\zac\Documents\Robots\Robots\Java\Robot-Importation-Protecaes-STD.jar', 'Cria o template de importação para o arquivo de Contas a Pagar STD', 'PROTECÃES', 'Contábil', '1'),
('110', 'Brondani Importação', 'C:\Users\zac\Documents\Robots\Robots\Java\Robot-Brondani-Importation.jar', 'Cria arquivo csv de importação com os arquivos txt da brondani', 'BRONDANI', 'Contábil', '1'),
('111', 'Proterisco Contas a Pagar STD', 'C:\Users\zac\Documents\Robots\Robots\Java\Robot-Importation-Protecaes-STD.jar', 'Cria o template de importação para o arquivo de Contas a Pagar STD', 'PROTERISCO', 'Contábil', '1'),
('112', 'Templates Casa Dionisia', 'C:\Users\zac\Documents\Robots\Robots\Java\ContabilityTemplateImportation.jar', 'Cria o template de importação para o arquivo queops STD e itau', 'CASA DIONÍSIA', 'Contábil', '1'),
('113', 'DWRF2 Template', 'C:\Users\zac\Documents\Robots\Robots\Java\ContabilityTemplateImportation.jar', 'Cria o template de importação para o arquivo Extrato.pdf', 'DWFR2 PARTICIPAÇÕES', 'Contábil', '1'),
('114', 'Mamoscan Template', 'C:\Users\zac\Documents\Robots\Robots\Java\ContabilityTemplateImportation.jar', 'Cria o template de importação para o arquivo Extrato.pdf', 'MAMOSCAN', 'Contábil', '1'),
('115', 'Protecães Template CEF recebidas', 'C:\Users\zac\Documents\Robots\Robots\Java\Robot-Protecaes-Received.jar', 'Cria template de importação para o arquivo CEF Recebidos e coloca o número do participante no histórico para utilizar contabilização sugerida utilizando os lançamentos anteriores do unico', 'PROTECÃES', 'Contábil', '1'),
('116', 'Protecães Template CEF Contas a Pagar', 'C:\Users\zac\Documents\Robots\Robots\Java\Robot-ContabilityTemplateImportation.jar', 'Cria template de importação para o arquivo CEF Contas a Pagar.', 'PROTECÃES', 'Contábil', '1'),
('117', 'Mottin Participações - Template Credito Real', 'C:\Users\zac\Documents\Robots\Robots\Java\Robot-MottinPart-Template.jar', 'Cria template de importação para o arquivo Credito Real.pdf', 'MOTTIN PARTICIPAÇÕES', 'Contábil', '1'),
('118', 'Brilia - Template Itau', 'C:\Users\zac\Documents\Robots\Robots\Java\Robot-BriliaTemplate.jar', 'Cria template de importação para o arquivo BRILIA EXTRATO.pdf', 'BRILIA ', 'Contábil', '1'),
('119', 'Bodega - Template Itau', 'C:\Users\zac\Documents\Robots\Robots\Java\Robot-BodegaTemplateItau.jar', 'Cria template de importação para o arquivo BODEGA EXTRATO.pdf', 'BODEGA SOSSEGO', 'Contábil', '1'),
('120', 'Mottin (386) Templates', 'C:\Users\zac\Documents\Robots\Robots\Java\Robot-ContabilityTemplateImportation.jar', 'Cria template de importação para os bancos CEF e Bradesco', 'MOTTIN S.A', 'Contábil', '1'),
('121', 'Mottin (025) Templates', 'C:\Users\zac\Documents\Robots\Robots\Java\Robot-ContabilityTemplateImportation.jar', 'Cria template de importação para o banco CEF', 'MOTTIN SA SCP', 'Contábil', '1'),
('122', 'Protecães Template STD recebidas', 'C:\Users\zac\Documents\Robots\Robots\Java\Robot-ContabilityTemplateImportation.jar', 'Cria template de importação para o arquivo Santander Contas Recebidas.', 'PROTECÃES', 'Contábil', '1'),
('123', 'Proterisco Template STD recebidas', 'C:\Users\zac\Documents\Robots\Robots\Java\Robot-ContabilityTemplateImportation.jar', 'Cria template de importação para o arquivo Santander Contas Recebidas.', 'PROTERISCO', 'Contábil', '1'),
('124', 'Pantano grande Templates', 'C:\Users\zac\Documents\Robots\Robots\Java\Robot-ContabilityTemplateImportation.jar', 'Cria templates de importação contábil para os bancos da empresa Pantando', 'COMERCIO DE CEREAIS PANTANO GRANDE LTDA.', 'Contábil', '1'),
('125', 'Limpar pasta de Scanner', 'C:\Users\zac\Documents\Robots\Robots\Java\Robot-CleanScannerFolder.jar', 'Limpar pasta de Scanner', 'Nenhuma', 'Nenhum', '1'),
('126', 'Robôs Utilizados No Mês', 'C:\Users\zac\Documents\Robots\Robots\Java\Robot-Moresco-CountUsedRobots.jar', 'Cria uma lista dos robôs e programas utilizados no mês anterior.', 'Nenhuma', 'Nenhum', '1'),
('127', 'Testes de Robô', 'C:\Users\zac\Documents\Robots\Robots\Java\JavaRobotsWorklyTest.jar', '', 'Nenhuma', 'Nenhum', '1'),
('128', 'Template BB CC', 'C:/Users/zac/Documents/Robots/Robots/Java/Robot-ContabilityTemplateImportation.jar', '', 'Zampieron', 'Contábil', '1'),
('129', 'Template Banri 00', 'C:/Users/zac/Documents/Robots/Robots/Java/Robot-ContabilityTemplateImportation.jar', '', 'Zampieron', 'Contábil', '1'),
('130', 'Template Banri 27', 'C:/Users/zac/Documents/Robots/Robots/Java/Robot-ContabilityTemplateImportation.jar', '', 'Zampieron', 'Contábil', '1'),
('131', 'Template Bradesco', 'C:/Users/zac/Documents/Robots/Robots/Java/Robot-ContabilityTemplateImportation.jar', '', 'Zampieron', 'Contábil', '1'),
('132', 'Template Caixa', 'C:/Users/zac/Documents/Robots/Robots/Java/Robot-ContabilityTemplateImportation.jar', '', 'Zampieron', 'Contábil', '1'),
('133', 'Template Itau 19051', 'C:/Users/zac/Documents/Robots/Robots/Java/Robot-ContabilityTemplateImportation.jar', '', 'Zampieron', 'Contábil', '1'),
('134', 'Template Itau 79391', 'C:/Users/zac/Documents/Robots/Robots/Java/Robot-ContabilityTemplateImportation.jar', '', 'Zampieron', 'Contábil', '1'),
('135', 'Template Caixa Adm', 'C:/Users/zac/Documents/Robots/Robots/Java/Robot-ContabilityTemplateImportation.jar', '', 'Zampieron', 'Contábil', '1'),
('136', 'Template Itau Aton', 'C:/Users/zac/Documents/Robots/Robots/Java/Robot-ContabilityTemplateImportation.jar', '', 'Zampieron', 'Contábil', '1'),
('137', 'Template Safra CC', 'C:/Users/zac/Documents/Robots/Robots/Java/Robot-ContabilityTemplateImportation.jar', '', 'Zampieron', 'Contábil', '1'),
('138', 'Template Safra Vinc', 'C:/Users/zac/Documents/Robots/Robots/Java/Robot-ContabilityTemplateImportation.jar', '', 'Zampieron', 'Contábil', '1'),
('139', 'Template Santander 1043', 'C:/Users/zac/Documents/Robots/Robots/Java/Robot-ContabilityTemplateImportation.jar', '', 'Zampieron', 'Contábil', '1'),
('140', 'Template Sicredi', 'C:/Users/zac/Documents/Robots/Robots/Java/Robot-ContabilityTemplateImportation.jar', '', 'Zampieron', 'Contábil', '1'),
('141', 'Template Sofisa', 'C:/Users/zac/Documents/Robots/Robots/Java/Robot-ContabilityTemplateImportation.jar', '', 'Zampieron', 'Contábil', '1');

INSERT INTO "robots_parameters" ("id", "name", "type", "parameter_name", "robot", "default_value", "help") VALUES
('20', 'Mês', 'int', 'mes', '11', '1', 'Mês das pastas'),
('29', 'Mês', 'int', 'mes', '16', '1', 'Mês das pastas'),
('30', 'Ano', 'int', 'ano', '16', '2018', 'Ano das pastas'),
('31', '* Banco (CEF ou Santander)', 'select', 'banco', '16', 'CEF;Santander;Proterisco', ''),
('40', 'Mês', 'int', 'mes', '23', '11', 'Mês das pastas'),
('41', 'Ano', 'int', 'ano', '23', '2020', 'Ano das pastas'),
('49', 'Ano', 'int', 'ano', '29', '2018', 'Ano das pastas'),
('50', 'Mês', 'int', 'mes', '29', '3', 'Mês das pastas'),
('51', 'Empresa (659 - Associação)', 'hidden', 'empresa', '29', '659', 'Empresa referente a tarefa (649 ou 659 - Mude a empresa à ci'),
('52', 'Importar para o Questor se os valores baterem?', 'boolean', 'importar', '29', '0', 'Coloque SIM para importar e NÃO para não importar.'),
('85', 'Mês', 'int', 'mes', '46', '8', 'Mês das pastas'),
('86', 'Ano', 'int', 'ano', '46', '2018', 'Ano das pastas'),
('105', 'Mês', 'int', 'mes', '56', '2', 'Mês das pastas'),
('106', 'Ano', 'int', 'ano', '56', '2020', 'Ano das pastas'),
('113', 'Empresa ( 331 ou 332)', 'select', 'empresa', '16', '331;332', 'Empresa para as pastas.'),
('131', 'Mês', 'int', 'mes', '70', '8', 'Mês das pastas'),
('132', 'Ano', 'int', 'ano', '70', '2021', 'Ano das pastas'),
('136', 'Mês', 'int', 'mes', '72', '2', 'Mês das pastas'),
('137', 'Ano', 'int', 'ano', '72', '2021', 'Ano das pastas'),
('142', 'Mês', 'int', 'mes', '75', '3', 'Mês das pastas'),
('143', 'Ano', 'int', 'ano', '75', '2019', 'Ano das pastas'),
('150', 'Mês', 'int', 'mes', '78', '5', 'Mês das pastas'),
('151', 'Ano', 'int', 'ano', '78', '2019', 'Ano das pastas'),
('156', 'Mês', 'int', 'mes', '84', '2', 'Mês das pastas'),
('157', 'Ano', 'int', 'ano', '84', '2021', 'Ano das pastas'),
('160', 'Mês', 'int', 'mes', '87', '8', 'Mês das pastas'),
('161', 'Ano', 'int', 'ano', '87', '2019', 'Ano das pastas'),
('178', 'Mês', 'int', 'mes', '93', '10', 'Mês das pastas'),
('179', 'Ano', 'int', 'ano', '93', '2019', 'Ano das pastas'),
('180', 'Mês', 'int', 'mes', '94', '10', 'Mês das pastas'),
('181', 'Ano', 'int', 'ano', '94', '2019', 'Ano das pastas'),
('182', 'Mês', 'int', 'mes', '42', '12', 'Mês das pastas'),
('183', 'Ano', 'int', 'ano', '42', '2019', 'Ano das pastas'),
('217', 'Mês', 'int', 'mes', '96', '1', 'Mês das Pastas'),
('218', 'Ano', 'int', 'ano', '96', '2020', 'Ano das Pastas'),
('219', 'Banco', 'select', 'nomePastaBanco', '96', '706#Itau 79391;1381#B Alfa 36466;1380#B Alfa 36467;1382#B Brasil cc;1394#B Brasil gar;616#Banrisul 0-0;617#Banrisul 2-7;9#Bradesco;1403#Caixa 3528;1207#Itau 19051;1214#Itau 44990;1210#Itau 44992;1213#Itau 48199;1399#Safra CC;1211#Santander 1043;716#Sicredi jan19;1400#Safra vinc', 'Codigo SCI e nome da Pasta do banco'),
('224', 'Mês', 'int', 'mes', '98', '1', 'Mês das Pastas'),
('225', 'Ano', 'int', 'ano', '98', '2020', 'Ano das Pastas'),
('226', 'Empresa', 'hidden', 'empresa', '98', '331', ''),
('227', 'Mês', 'int', 'mes', '97', '1', 'Mês das Pastas'),
('228', 'Ano', 'int', 'ano', '97', '2020', 'Ano das Pastas'),
('229', 'Empresa', 'hidden', 'empresa', '97', '332', ''),
('239', 'Mês', 'int', 'mes', '102', '3', 'Mês das pastas'),
('240', 'Ano', 'int', 'ano', '102', '2020', 'Ano das pastas'),
('242', 'ini', 'hidden', 'ini', '102', 'robot-viniciusdalcin', ''),
('245', 'Mês', 'int', 'mes', '103', '3', 'Mês das pastas'),
('246', 'Ano', 'int', 'ano', '103', '2020', 'Ano das pastas'),
('247', 'ini', 'hidden', 'ini', '103', 'robot-evanize', ''),
('261', 'Mês', 'int', 'mes', '101', '2', 'Mês das Pastas'),
('262', 'Ano', 'int', 'ano', '101', '2020', 'Ano das Pastas'),
('263', 'ini', 'hidden', 'ini', '101', 'robot-cbpoacontasapagar', ''),
('273', 'ini', 'hidden', 'ini', '56', 'robot-cbpoa', ''),
('306', 'Empresa(s)', 'int', 'empresa', '95', '', 'Código Da Empresa no Único.'),
('307', 'Conta(s) contábil', 'string', 'contaCTB', '95', '148', 'Conta contábil a conciliar. Para várias separar por ;'),
('308', 'Data inicial', 'date', 'dataInicial', '95', '2021-01-01', 'Data de inicio da conciliação'),
('309', 'Data Final', 'date', 'dataFinal', '95', '2021-12-31', 'Data fim da conciliação'),
('310', 'Zerar conciliação?', 'boolean', 'zerarConciliacao', '95', '0', 'Refazer toda a conciliação do periodo escolhido.'),
('311', 'Participante(s)', 'string', 'participant', '95', '', 'Código do participante'),
('312', 'Mês', 'int', 'mes', '22', '11', 'Mês das pastas'),
('313', 'Ano', 'int', 'ano', '22', '2021', 'Ano das pastas'),
('314', 'Mês', 'int', 'mes', '104', '12', 'Mês das Pastas'),
('315', 'Ano', 'int', 'ano', '104', '2020', 'Ano das Pastas'),
('589', 'Mês', 'int', 'mes', '106', '1', 'Mês das Pastas'),
('590', 'Ano', 'int', 'ano', '106', '2021', 'Ano das Pastas'),
('609', 'ini', 'hidden', 'ini', '106', 'robot-rock', 'Nome pasta da empresa em contábil'),
('623', 'Id Config', 'hidden', 'config', '23', 'efioreze', ''),
('624', 'pastaEmpresa', 'hidden', 'pastaEmpresa', '23', 'E.Fioreze', ''),
('631', 'Mês', 'int', 'mes', '77', '11', 'Mês das pastas'),
('632', 'Ano', 'int', 'ano', '77', '2020', 'Ano das pastas'),
('633', 'config', 'hidden', 'config', '77', 'grafica', 'config'),
('635', 'pastaEmpresa', 'hidden', 'pastaEmpresa', '77', 'Grafica e Editora Relampago Ltda', ''),
('636', 'ini', 'hidden', 'ini', '72', 'robot-pontoonline', 'ini'),
('637', 'Mês', 'int', 'mes', '107', '3', 'Mês das pastas'),
('638', 'Ano', 'int', 'ano', '107', '2021', 'Ano das pastas'),
('639', 'Ini', 'hidden', 'ini', '107', 'robot-baruffaldiadv', 'ini'),
('640', 'Mês', 'int', 'mes', '108', '3', 'Mês das pastas'),
('641', 'Ano', 'int', 'ano', '108', '2021', 'Ano das pastas'),
('642', 'ini', 'hidden', 'ini', '108', 'robot-baruffaldiinv', 'ini'),
('643', 'Mês', 'int', 'mes', '109', '3', 'Mês das pastas'),
('644', 'Ano', 'int', 'ano', '109', '2021', 'Ano das pastas'),
('645', 'ini', 'hidden', 'ini', '109', 'robot-protecaesSTD', 'ini'),
('649', 'Mês', 'int', 'mes', '110', '3', 'Mês das pastas'),
('650', 'Ano', 'int', 'ano', '110', '2021', 'Ano das pastas'),
('651', 'ini', 'hidden', 'ini', '110', 'Robot-Brondani-Importation', 'ini'),
('652', 'Mês', 'int', 'mes', '111', '4', 'Mês das pastas'),
('653', 'Ano', 'int', 'ano', '111', '2021', 'Ano das pastas'),
('654', 'ini', 'hidden', 'ini', '111', 'robot-proteriscoSTD', 'ini'),
('655', 'Mês', 'int', 'mes', '112', '1', 'Mês das pastas'),
('656', 'Ano', 'int', 'ano', '112', '2021', 'Ano das pastas'),
('657', 'ini', 'hidden', 'ini', '112', 'robot-dionisia', 'ini'),
('658', 'Mês', 'int', 'mes', '113', '4', 'Mês das pastas'),
('659', 'Ano', 'int', 'ano', '113', '2021', 'Ano das pastas'),
('662', 'ini', 'hidden', 'ini', '113', 'robot-dwfr2', 'ini'),
('663', 'Mês', 'int', 'mes', '114', '4', 'Mês das pastas'),
('664', 'Ano', 'int', 'ano', '114', '2021', 'Ano das pastas'),
('665', 'ini', 'hidden', 'ini', '114', 'robot-mamoscan', 'ini'),
('675', 'Mês', 'int', 'mes', '115', '5', 'Mês das pastas'),
('676', 'Ano', 'int', 'ano', '115', '2021', 'Ano das pastas'),
('677', 'ini', 'hidden', 'ini', '115', 'robot-protecaesCEFReceb', 'ini'),
('678', 'Mês', 'int', 'mes', '116', '5', 'Mês das pastas'),
('679', 'Ano', 'int', 'ano', '116', '2021', 'Ano das pastas'),
('680', 'ini', 'hidden', 'ini', '116', 'robot-protecaesCEFPag', 'ini'),
('681', 'Mês', 'int', 'mes', '117', '5', 'Mês das pastas'),
('682', 'Ano', 'int', 'ano', '117', '2021', 'Ano das pastas'),
('683', 'ini', 'hidden', 'ini', '117', 'robot-mottinpart', 'ini'),
('684', 'Mês', 'int', 'mes', '118', '6', 'Mês das pastas'),
('685', 'Ano', 'int', 'ano', '118', '2021', 'Ano das pastas'),
('686', 'ini', 'hidden', 'ini', '118', 'robot-brilia', 'ini'),
('687', 'Mês', 'int', 'mes', '119', '6', 'Mês das pastas'),
('688', 'Ano', 'int', 'ano', '119', '2021', 'Ano das pastas'),
('689', 'ini', 'hidden', 'ini', '119', 'robot-bodega', 'ini'),
('690', 'Mês', 'int', 'mes', '120', '7', 'Mês das pastas'),
('691', 'Ano', 'int', 'ano', '120', '2021', 'Ano das pastas'),
('692', 'ini', 'hidden', 'ini', '120', 'robot-Mottin386', 'ini'),
('693', 'Mês', 'int', 'mes', '121', '7', 'Mês das pastas'),
('694', 'Ano', 'int', 'ano', '121', '2021', 'Ano das pastas'),
('695', 'ini', 'hidden', 'ini', '121', 'robot-Mottin025', 'ini'),
('696', 'Mês', 'int', 'mes', '122', '7', 'Mês das pastas'),
('697', 'Ano', 'int', 'ano', '122', '2021', 'Ano das pastas'),
('698', 'ini', 'hidden', 'ini', '122', 'robot-protecaesSTDReceb', 'ini'),
('702', 'Mês', 'int', 'mes', '123', '7', 'Mês das pastas'),
('703', 'Ano', 'int', 'ano', '123', '2021', 'Ano das pastas'),
('704', 'ini', 'hidden', 'ini', '123', 'robot-proteriscoSTDReceb', 'ini'),
('705', 'ini', 'hidden', 'ini', '70', 'robot-jd', 'ini'),
('708', 'Mês', 'int', 'mes', '124', '8', 'Mês das Pastas'),
('709', 'Ano', 'int', 'ano', '124', '2021', 'Ano das Pastas'),
('710', 'ini', 'hidden', 'ini', '124', 'robot-pantano', 'ini'),
('711', 'ini', 'hidden', 'ini', '75', 'robot-sml', 'ini'),
('712', 'ini', 'hidden', 'ini', '84', 'robot-c3', 'ini'),
('713', 'Mês', 'int', 'mes', '128', '1', NULL),
('714', 'Ano', 'int', 'ano', '128', '2022', NULL),
('715', 'Ini', 'hidden', 'ini', '128', 'robot-zampieron_bbcc', NULL),
('716', 'Mês', 'int', 'mes', '129', '1', NULL),
('717', 'Ano', 'int', 'ano', '129', '2022', NULL),
('718', 'Ini', 'hidden', 'ini', '129', 'robot-zampieron_banri00', NULL),
('719', 'Mês', 'int', 'mes', '130', '1', NULL),
('720', 'Ano', 'int', 'ano', '130', '2022', NULL),
('721', 'Ini', 'hidden', 'ini', '130', 'robot-zampieron_banri27', NULL),
('722', 'Mês', 'int', 'mes', '131', '1', NULL),
('723', 'Ano', 'int', 'ano', '131', '2022', NULL),
('724', 'Ini', 'hidden', 'ini', '131', 'robot-zampieron_brad', NULL),
('725', 'Mês', 'int', 'mes', '132', '1', NULL),
('726', 'Ano', 'int', 'ano', '132', '2022', NULL),
('727', 'Ini', 'hidden', 'ini', '132', 'robot-zampieron_caixa', NULL),
('728', 'Mês', 'int', 'mes', '133', '1', NULL),
('729', 'Ano', 'int', 'ano', '133', '2022', NULL),
('730', 'Ini', 'hidden', 'ini', '133', 'robot-zampieron_itau19051', NULL),
('731', 'Mês', 'int', 'mes', '134', '1', NULL),
('732', 'Ano', 'int', 'ano', '134', '2022', NULL),
('733', 'Ini', 'hidden', 'ini', '134', 'robot-zampieron_itau79391', NULL),
('734', 'Mês', 'int', 'mes', '135', '1', NULL),
('735', 'Ano', 'int', 'ano', '135', '2022', NULL),
('736', 'Ini', 'hidden', 'ini', '135', 'robot-zampieron_caixaadm', NULL),
('737', 'Mês', 'int', 'mes', '136', '1', NULL),
('738', 'Ano', 'int', 'ano', '136', '2022', NULL),
('739', 'Ini', 'hidden', 'ini', '136', 'robot-zampieron_itauaton', NULL),
('740', 'Mês', 'int', 'mes', '137', '1', NULL),
('741', 'Ano', 'int', 'ano', '137', '2022', NULL),
('742', 'Ini', 'hidden', 'ini', '137', 'robot-zampieron_safracc', NULL),
('743', 'Mês', 'int', 'mes', '138', '1', NULL),
('744', 'Ano', 'int', 'ano', '138', '2022', NULL),
('745', 'Ini', 'hidden', 'ini', '138', 'robot-zampieron_safravinc', NULL),
('746', 'Mês', 'int', 'mes', '139', '1', NULL),
('747', 'Ano', 'int', 'ano', '139', '2022', NULL),
('748', 'Ini', 'hidden', 'ini', '139', 'robot-zampieron_santander1043', NULL),
('749', 'Mês', 'int', 'mes', '140', '1', NULL),
('750', 'Ano', 'int', 'ano', '140', '2022', NULL),
('751', 'Ini', 'hidden', 'ini', '140', 'robot-zampieron_sicredi', NULL),
('752', 'Mês', 'int', 'mes', '141', '1', NULL),
('753', 'Ano', 'int', 'ano', '141', '2022', NULL),
('754', 'Ini', 'hidden', 'ini', '141', 'robot-zampieron_sofisa', NULL);

INSERT INTO "sqlite_sequence" ("name", "seq") VALUES
('robots', '141'),
('robots_parameters', '754'),
('calls', '33');
