DROP TABLE "calls";
CREATE TABLE "calls" ("id" INTEGER PRIMARY KEY AUTOINCREMENT,"robot" INTEGER,"user" varchar(255),"created_at" datetime,"started_at" datetime,"ended_at" datetime,"json_parameters" text,"json_return" text,"status" varchar(255));

DROP TABLE "robots";
CREATE TABLE "robots" (
	"id" INTEGER PRIMARY KEY AUTOINCREMENT,
	"name" varchar(255),
	"path" varchar(255),
	"description" text, 
	"enterprise" varchar(255), 
	"department" varchar(255), 
	"with_parameters_file" INTEGER
);

DROP TABLE "robots_parameters";
CREATE TABLE "robots_parameters" ("id" INTEGER PRIMARY KEY AUTOINCREMENT,"name" varchar(255),"type" varchar(255),"parameter_name" varchar(255),"robot" INTEGER,"default_value" varchar(255),"help" varchar(255));

DROP TABLE "sqlite_sequence";
CREATE TABLE sqlite_sequence(name,seq);

INSERT INTO "calls" ("id", "robot", "user", "created_at", "started_at", "ended_at", "json_parameters", "json_return", "status") VALUES
('34', '127', 'zac', '2022-06-15 01:12:34', NULL, '2022-06-15 01:13:42', '{}', '{"html": "Retorno da tarefa Teste de Funcionamento<br><br>Parametro recebido: null<br>Status conex\u00e3o bancos de dados:<br>Mysql ZAC: OK<br>Sci Unico: OK<br><br>Status Selenium Webdriver Chrome:<br>Abrindo: OK<br>Local do ChromeDriver: C:\\Users\\zac\\.m2\\repository\\webdriver\\chromedriver\\win32\\102.0.5005.61\\chromedriver.exe<br>Vers\u00e3o do ChromeDriver Baixado: 102.0.5005.61<br>\u00daltima Vers\u00e3o do Google Chrome(incluindo Canary): 103.0.5060.24<br>"}', NULL),
('35', '125', 'zac', '2022-06-15 07:50:15', NULL, '2022-06-15 07:51:42', '{}', '{"html": "Retorno da tarefa Limpar pasta Scanner<br><br>Execu\u00e7\u00e3o ''Limpar pasta Scanner'' finalizada!"}', NULL),
('36', '127', 'zac', '2022-06-15 07:50:15', NULL, '2022-06-15 07:52:42', '{}', '{"html": "Retorno da tarefa Teste de Funcionamento<br><br>Parametro recebido: null<br>Status conex\u00e3o bancos de dados:<br>Mysql ZAC: OK<br>Sci Unico: OK<br><br>Status Selenium Webdriver Chrome:<br>Abrindo: OK<br>Local do ChromeDriver: C:\\Users\\zac\\.m2\\repository\\webdriver\\chromedriver\\win32\\102.0.5005.61\\chromedriver.exe<br>Vers\u00e3o do ChromeDriver Baixado: 102.0.5005.61<br>\u00daltima Vers\u00e3o do Google Chrome(incluindo Canary): 103.0.5060.24<br>"}', NULL),
('37', '127', 'zac', '2022-06-15 11:45:47', NULL, '2022-06-15 11:46:42', '{}', '{"html": "Retorno da tarefa Teste de Funcionamento<br><br>Parametro recebido: null<br>Status conex\u00e3o bancos de dados:<br>Mysql ZAC: OK<br>Sci Unico: OK<br><br>Status Selenium Webdriver Chrome:<br>Abrindo: OK<br>Local do ChromeDriver: C:\\Users\\zac\\.m2\\repository\\webdriver\\chromedriver\\win32\\102.0.5005.61\\chromedriver.exe<br>Vers\u00e3o do ChromeDriver Baixado: 102.0.5005.61<br>\u00daltima Vers\u00e3o do Google Chrome(incluindo Canary): 103.0.5060.24<br>"}', NULL),
('38', '142', 'zac', '2022-06-15 11:47:00', '2022-06-15 11:50:46', '2022-06-15 11:50:46', '{"mes": 6, "ano": "2022", "ini": "robot-"}', '{"html": "Exception in thread \"main\" java.lang.Exception: 38\r\n\tat fortests.ForTests.main(ForTests.java:8)\r\n"}', NULL);

INSERT INTO "robots" ("id", "name", "path", "description", "enterprise", "department", "with_parameters_file") VALUES
('11', 'Aluita Caixinhas', 'C:\Users\zac\Documents\Robots\Robots\Excel\AluitaCaixas.xlsm', 'Cria os arquivos consolidados das caixas aluita na pasta CAIXINHA para padrão de importação questor.', 'ALUITA', 'Contábil', '1'),
('22', 'Ecofetal Importação', 'C:\Users\zac\Documents\Robots\Robots\Java\RobotEcofetalImportation.jar', 'Cria Templates de importação dos bancos na pasta Movimentos/Bancos. Cria csv de importação para impostos retidos na pasta Movimento/Arquivos Importação.', 'ECOFETAL', 'Contábil', '1'),
('23', 'E-Fioreze Template de Importação', 'C:\Users\zac\Documents\Robots\Robots\Java\Robot-Efioreze.jar', 'Cria Template de importação dos bancos com os arquivos PDF de cada banco', 'E.FIOREZE', 'Contábil', '1'),
('29', 'Associação Importacao Questor', 'C:\Users\zac\Documents\Robots\Robots\Excel\AssocImportacao.xlsm', 'Faz a importação para o questor dos arquivos de boleto e extrato localizados na pasta de movimento.', 'ASSOC.AMIGOS JD.EUROPA', 'Contábil', '1'),
('42', 'Aluita Templates e Juros Liquidacao', 'C:/Users/zac/Documents/Robots/Robots/Java/Java-Robot-Aluita-Importation.jar', 'Cria templates para importação dos lançamentos no questor usando os extratos OFX dos bancos, os retornos e contas a pagar. Cria também o arquivo de juros de liquidação para importar no questor', 'ALUITA', 'Contábil', '1'),
('46', 'Mottin Participações Template Ext. CC', 'C:\Users\zac\Documents\Robots\Robots\Excel\MottinPartTemplateExtrato.xlsm', 'Cria template para importação utilizando o extrato de conta corrente', 'MOTTIN PARTICIPAÇÕES', 'Contábil', '1'),
('56', 'CB POA Templates', 'C:/Users/zac/Documents/Robots/Robots/Java/Robot-ContabilityTemplateImportation.jar', 'Cria templates dos bancos banrisul, bradesco e banco do brasil usando os OFX na pasta de extratos.', 'CB POA COM.DE ALIM. ', 'Contábil', '1'),
('70', 'JD Engenharia Importação', 'C:\Users\zac\Documents\Robots\Robots\Java\Robot-ContabilityTemplateImportation.jar', 'Cria Template para gerar CSV de importação para o Unico do banco Itau', 'JD ENGENHARIA', 'Contábil', '1'),
('72', 'Ponto Online Importação', 'C:\Users\zac\Documents\Robots\Robots\Java\ContabilityTemplateImportation.jar', 'Cria Template para gerar CSV de importação utilizando o arquivo PDF do banco do Brasil na pasta de Extratos', 'PONTO ON-LINE', 'Contábil', '1'),
('75', 'SML Importação', 'C:\Users\zac\Documents\Robots\Robots\Java\ContabilityTemplateImportation.jar', 'Cria template de importação para os bancos Caixinha, CEF , Sicoob e Itau.', 'SML COMERCIO DE PECAS', 'Contábil', '1'),
('77', 'Grafica Relampago Templates', 'C:\Users\zac\Documents\Robots\Robots\Java\Robot-Efioreze.jar', 'Cria template de importação dos bancos com os arquivos PDF de cada banco', 'GRAFICA RELAMPAGO', 'Contábil', '1'),
('78', 'Tintas Importação', 'C:\Users\zac\Documents\Robots\Robots\Excel\Tintas Importacao.xlsm', 'Utilizando os arquivos de ingressos e desembolsos comparados com os extratos em OFX cria templates para gerar csv em formato NLI pra Questor.', 'TINTAS BARUFFALDI ', 'Contábil', '1'),
('84', 'Template Importação', 'C:\Users\zac\Documents\Robots\Robots\Java\ContabilityTemplateImportation.jar', 'Gera template de importação para gerar CSV em do banco Itau em OFX.', 'C-3 INVESTIMENTOS', 'Contábil', '1'),
('87', 'Vitaforte Template Importação', 'C:\Users\zac\Documents\Robots\Robots\Excel\VitaforteTemplateImportacao.xlsm', 'Cria template de importação para gerar arquivo txt no formato NLI do banco CEF.', 'VITAFORTE', 'Contábil', '1'),
('95', 'Conciliação Contábil Único', 'C:\Users\zac\Documents\Robots\Robots\Java\ConciliateContabilityEntries.jar', 'Faz conciliação contábil dos lançamentos da(s) conta(s) contábil escolhida(s). Para escolher mais de uma conta, separe por ";". Para escolher mais de um participante, separe por ";". Só é possível utilizar vários participantes quando for definido somente uma conta contábil. Utilize "Zerar" conciliação para que o robô refaça a conciliação no período e iguale débitos e créditos. Escolha Períodos grandes pois valores pagos agora podem ter sido lançados até 365 atrás. Para conciliar todos os participantes da(s) conta(s) selecionada(s) é só deixar o participante em branco.', 'Nenhuma', 'Contábil', '1'),
('97', 'Importar Fatura A Receber', 'C:/Users/zac/Documents/Robots/Robots/Java/Java-Robot-Protecaes-InvoiceReceivableImportation.jar', 'Transforma arquivo Fatura a Receber.xls em arquivo csv de importação.', 'PROTERISCO', 'Contábil', '1'),
('101', 'CB Poa Importação Contas a Pagar', 'C:/Users/zac/Documents/Robots/Robots/Java/Robot-ContabilityTemplateImportation.jar', 'Importa lançamentos dos arquivos de contas a pagar para os templates de importação.', 'CB POA COM.DE ALIM. ', 'Contábil', '1'),
('102', 'Vinicius Dalcin Importação', 'C:/Users/zac/Documents/Robots/Robots/Java/Robot-ContabilityTemplateImportation.jar', 'Cria o template de importação do banco informado.', 'VINICIUS DALCIN', 'Contábil', '1'),
('103', 'Evanize Importação Templates', 'C:/Users/zac/Documents/Robots/Robots/Java/Robot-ContabilityTemplateImportation.jar', 'Cria templates de importação usando os Ofx dos bancos.', 'EVANIZE BECKER DALCIN', 'Contábil', '1'),
('104', 'Ecofetal Receitas e Taxa Padrão', 'C:\Users\zac\Documents\Robots\Robots\Excel\EcofetalReceitaETaxaPadrao.xlsm', 'Cria arquivo CSV de importação das receitas e Taxa Padrão', 'ECOFETAL', 'Contábil', '1'),
('106', 'Rock Template Importação Sicredi', 'C:/Users/zac/Documents/Robots/Robots/Java/Robot-ContabilityTemplateImportation.jar', 'Cria template de importação do extrato do sicredi', 'ROCK INTERNET E PROCESSAMENTO DE DADOS S.A.', 'Contábil', '1'),
('107', 'Norberto Baruffaldi Advogados Templates Bancos', 'C:\Users\zac\Documents\Robots\Robots\Java\Robot-BaruffaldiTemplates.jar', 'Cria os templates de importação para gerar os arquivos de importação dos bancos Banrisul Novo/Antigo e CEF.', 'NORBERTO BARUFFALDI ADVOGADOS', 'Contábil', '1'),
('108', 'Baruffaldi Investimentos Template Bancos', 'C:\Users\zac\Documents\Robots\Robots\Java\ContabilityTemplateImportation.jar', 'Cria os templates de importação para gerar os arquivos de importação doa banco Banrisul.', 'BARUFFALDI INVESTIMENTOS', 'Contábil', '1'),
('109', 'Protecaes Contas a Pagar STD', 'C:\Users\zac\Documents\Robots\Robots\Java\Robot-Importation-Protecaes-STD.jar', 'Cria o template de importação para o arquivo de Contas a Pagar STD', 'PROTECÃES', 'Contábil', '1'),
('110', 'Brondani Importação', 'C:\Users\zac\Documents\Robots\Robots\Java\Robot-Brondani-Importation.jar', 'Cria arquivo csv de importação com os arquivos txt da brondani', 'BRONDANI', 'Contábil', '1'),
('111', 'Proterisco Contas a Pagar STD', 'C:\Users\zac\Documents\Robots\Robots\Java\Robot-Importation-Protecaes-STD.jar', 'Cria o template de importação para o arquivo de Contas a Pagar STD', 'PROTERISCO', 'Contábil', '1'),
('112', 'Templates Casa Dionisia', 'C:\Users\zac\Documents\Robots\Robots\Java\ContabilityTemplateImportation.jar', 'Cria o template de importação para o arquivo queops STD e itau', 'CASA DIONÍSIA', 'Contábil', '1'),
('113', 'DWRF2 Template', 'C:\Users\zac\Documents\Robots\Robots\Java\ContabilityTemplateImportation.jar', 'Cria o template de importação para o arquivo Extrato.pdf', 'DWFR2 PARTICIPAÇÕES', 'Contábil', '1'),
('114', 'Mamoscan Template', 'C:\Users\zac\Documents\Robots\Robots\Java\ContabilityTemplateImportation.jar', 'Cria o template de importação para o arquivo Extrato.pdf', 'MAMOSCAN', 'Contábil', '1'),
('115', 'Protecães Template CEF recebidas', 'C:\Users\zac\Documents\Robots\Robots\Java\Robot-Protecaes-Received.jar', 'Cria template de importação para o arquivo CEF Recebidos e coloca o número do participante no histórico para utilizar contabilização sugerida utilizando os lançamentos anteriores do unico', 'PROTECÃES', 'Contábil', '1'),
('116', 'Protecães Template CEF Contas a Pagar', 'C:\Users\zac\Documents\Robots\Robots\Java\Robot-ContabilityTemplateImportation.jar', 'Cria template de importação para o arquivo CEF Contas a Pagar.', 'PROTECÃES', 'Contábil', '1'),
('117', 'Mottin Participações - Template Credito Real', 'C:\Users\zac\Documents\Robots\Robots\Java\Robot-MottinPart-Template.jar', 'Cria template de importação para o arquivo Credito Real.pdf', 'MOTTIN PARTICIPAÇÕES', 'Contábil', '1'),
('118', 'Brilia - Template Itau', 'C:\Users\zac\Documents\Robots\Robots\Java\Robot-BriliaTemplate.jar', 'Cria template de importação para o arquivo BRILIA EXTRATO.pdf', 'BRILIA ', 'Contábil', '1'),
('119', 'Bodega - Template Itau', 'C:\Users\zac\Documents\Robots\Robots\Java\Robot-BodegaTemplateItau.jar', 'Cria template de importação para o arquivo BODEGA EXTRATO.pdf', 'BODEGA SOSSEGO', 'Contábil', '1'),
('120', 'Mottin (386) Templates', 'C:\Users\zac\Documents\Robots\Robots\Java\Robot-ContabilityTemplateImportation.jar', 'Cria template de importação para os bancos CEF e Bradesco', 'MOTTIN S.A', 'Contábil', '1'),
('121', 'Mottin (025) Templates', 'C:\Users\zac\Documents\Robots\Robots\Java\Robot-ContabilityTemplateImportation.jar', 'Cria template de importação para o banco CEF', 'MOTTIN SA SCP', 'Contábil', '1'),
('122', 'Protecães Template STD recebidas', 'C:\Users\zac\Documents\Robots\Robots\Java\Robot-ContabilityTemplateImportation.jar', 'Cria template de importação para o arquivo Santander Contas Recebidas.', 'PROTECÃES', 'Contábil', '1'),
('123', 'Proterisco Template STD recebidas', 'C:\Users\zac\Documents\Robots\Robots\Java\Robot-ContabilityTemplateImportation.jar', 'Cria template de importação para o arquivo Santander Contas Recebidas.', 'PROTERISCO', 'Contábil', '1'),
('124', 'Pantano grande Templates', 'C:\Users\zac\Documents\Robots\Robots\Java\Robot-ContabilityTemplateImportation.jar', 'Cria templates de importação contábil para os bancos da empresa Pantando', 'COMERCIO DE CEREAIS PANTANO GRANDE LTDA.', 'Contábil', '1'),
('125', 'Limpar pasta de Scanner', 'C:\Users\zac\Documents\Robots\Robots\Java\Robot-CleanScannerFolder.jar', 'Limpar pasta de Scanner', 'Nenhuma', 'Nenhum', '1'),
('126', 'Robôs Utilizados No Mês', 'C:\Users\zac\Documents\Robots\Robots\Java\Robot-Moresco-CountUsedRobots.jar', 'Cria uma lista dos robôs e programas utilizados no mês anterior.', 'Nenhuma', 'Nenhum', '1'),
('127', 'Testes de Robô', 'C:\Users\zac\Documents\Robots\Robots\Java\JavaRobotsWorklyTest.jar', '', 'Nenhuma', 'Nenhum', '1'),
('128', 'Template BB CC', 'C:/Users/zac/Documents/Robots/Robots/Java/Robot-ContabilityTemplateImportation.jar', '', 'Zampieron', 'Contábil', '1'),
('129', 'Template Banri 00', 'C:/Users/zac/Documents/Robots/Robots/Java/Robot-ContabilityTemplateImportation.jar', '', 'Zampieron', 'Contábil', '1'),
('130', 'Template Banri 27', 'C:/Users/zac/Documents/Robots/Robots/Java/Robot-ContabilityTemplateImportation.jar', '', 'Zampieron', 'Contábil', '1'),
('131', 'Template Bradesco', 'C:/Users/zac/Documents/Robots/Robots/Java/Robot-ContabilityTemplateImportation.jar', '', 'Zampieron', 'Contábil', '1'),
('132', 'Template Caixa', 'C:/Users/zac/Documents/Robots/Robots/Java/Robot-ContabilityTemplateImportation.jar', '', 'Zampieron', 'Contábil', '1'),
('133', 'Template Itau 19051', 'C:/Users/zac/Documents/Robots/Robots/Java/Robot-ContabilityTemplateImportation.jar', '', 'Zampieron', 'Contábil', '1'),
('134', 'Template Itau 79391', 'C:/Users/zac/Documents/Robots/Robots/Java/Robot-ContabilityTemplateImportation.jar', '', 'Zampieron', 'Contábil', '1'),
('135', 'Template Caixa Adm', 'C:/Users/zac/Documents/Robots/Robots/Java/Robot-ContabilityTemplateImportation.jar', '', 'Zampieron', 'Contábil', '1'),
('136', 'Template Itau Aton', 'C:/Users/zac/Documents/Robots/Robots/Java/Robot-ContabilityTemplateImportation.jar', '', 'Zampieron', 'Contábil', '1'),
('137', 'Template Safra CC', 'C:/Users/zac/Documents/Robots/Robots/Java/Robot-ContabilityTemplateImportation.jar', '', 'Zampieron', 'Contábil', '1'),
('138', 'Template Safra Vinc', 'C:/Users/zac/Documents/Robots/Robots/Java/Robot-ContabilityTemplateImportation.jar', '', 'Zampieron', 'Contábil', '1'),
('139', 'Template Santander 1043', 'C:/Users/zac/Documents/Robots/Robots/Java/Robot-ContabilityTemplateImportation.jar', '', 'Zampieron', 'Contábil', '1'),
('140', 'Template Sicredi', 'C:/Users/zac/Documents/Robots/Robots/Java/Robot-ContabilityTemplateImportation.jar', '', 'Zampieron', 'Contábil', '1'),
('141', 'Template Sofisa', 'C:/Users/zac/Documents/Robots/Robots/Java/Robot-ContabilityTemplateImportation.jar', '', 'Zampieron', 'Contábil', '1'),
('142', 'ForTests', 'C:/Users/zac/Documents/Robots/Robots/Java/ForTests.jar', 'Robô que é alterado e utilizado para testes especificos', 'Testes de Robôs', 'Nenhum', '1'),
('143', 'Acompanhamento de empresas', 'C:/Users/zac/Documents/Robots/Robots/Python/Enterprise-FollowUp.py', 'De todas as empresas ativas atualmente, retorna o total de funcionários ativos, enquadramento federal, ramo de atividade, tributação e faturamento dos ultimos 12 meses.', 'Nenhuma', 'Nenhum', NULL),
('144', 'Impostos CSV', 'C:/Users/zac/Documents/Robots/Robots/Python/EcofetalImpostos.py', 'Cria arquivo de importação csv com impostos', 'ECOFETAL', 'Contábil', NULL),
('145', 'Template Importar faturas a receber', 'C:/Users/zac/Documents/Robots/Robots/Java/Java-Robot-Protecaes-InvoiceReceivableImportation.jar', 'Template Importar faturas a receber', 'PROTECÃES', 'Contábil', '1'),
('147', 'Teste Robo Python', 'C:/Users/zac/Documents/Robots/Robots/Python/test.py', 'Faz call para o robo em python que finaliza e retorna sozinho a mensagem para o usuario', 'Testes de Robôs', 'Nenhum', NULL);

INSERT INTO "robots_parameters" ("id", "name", "type", "parameter_name", "robot", "default_value", "help") VALUES
('20', 'Mês', 'int', 'mes', '11', '1', 'Mês das pastas'),
('29', 'Mês', 'int', 'mes', '16', '1', 'Mês das pastas'),
('30', 'Ano', 'int', 'ano', '16', '2018', 'Ano das pastas'),
('31', '* Banco (CEF ou Santander)', 'select', 'banco', '16', 'CEF;Santander;Proterisco', ''),
('40', 'Mês', 'int', 'mes', '23', '11', 'Mês das pastas'),
('41', 'Ano', 'int', 'ano', '23', '2020', 'Ano das pastas'),
('49', 'Ano', 'int', 'ano', '29', '2018', 'Ano das pastas'),
('50', 'Mês', 'int', 'mes', '29', '3', 'Mês das pastas'),
('51', 'Empresa (659 - Associação)', 'hidden', 'empresa', '29', '659', 'Empresa referente a tarefa (649 ou 659 - Mude a empresa à ci'),
('52', 'Importar para o Questor se os valores baterem?', 'boolean', 'importar', '29', '0', 'Coloque SIM para importar e NÃO para não importar.'),
('85', 'Mês', 'int', 'mes', '46', '8', 'Mês das pastas'),
('86', 'Ano', 'int', 'ano', '46', '2018', 'Ano das pastas'),
('105', 'Mês', 'int', 'mes', '56', '2', 'Mês das pastas'),
('106', 'Ano', 'int', 'ano', '56', '2020', 'Ano das pastas'),
('113', 'Empresa ( 331 ou 332)', 'select', 'empresa', '16', '331;332', 'Empresa para as pastas.'),
('131', 'Mês', 'int', 'mes', '70', '8', 'Mês das pastas'),
('132', 'Ano', 'int', 'ano', '70', '2021', 'Ano das pastas'),
('136', 'Mês', 'int', 'mes', '72', '2', 'Mês das pastas'),
('137', 'Ano', 'int', 'ano', '72', '2021', 'Ano das pastas'),
('142', 'Mês', 'int', 'mes', '75', '3', 'Mês das pastas'),
('143', 'Ano', 'int', 'ano', '75', '2019', 'Ano das pastas'),
('150', 'Mês', 'int', 'mes', '78', '5', 'Mês das pastas'),
('151', 'Ano', 'int', 'ano', '78', '2019', 'Ano das pastas'),
('156', 'Mês', 'int', 'mes', '84', '2', 'Mês das pastas'),
('157', 'Ano', 'int', 'ano', '84', '2021', 'Ano das pastas'),
('160', 'Mês', 'int', 'mes', '87', '8', 'Mês das pastas'),
('161', 'Ano', 'int', 'ano', '87', '2019', 'Ano das pastas'),
('178', 'Mês', 'int', 'mes', '93', '10', 'Mês das pastas'),
('179', 'Ano', 'int', 'ano', '93', '2019', 'Ano das pastas'),
('180', 'Mês', 'int', 'mes', '94', '10', 'Mês das pastas'),
('181', 'Ano', 'int', 'ano', '94', '2019', 'Ano das pastas'),
('182', 'Mês', 'int', 'mes', '42', '12', 'Mês das pastas'),
('183', 'Ano', 'int', 'ano', '42', '2019', 'Ano das pastas'),
('217', 'Mês', 'int', 'mes', '96', '1', 'Mês das Pastas'),
('218', 'Ano', 'int', 'ano', '96', '2020', 'Ano das Pastas'),
('219', 'Banco', 'select', 'nomePastaBanco', '96', '706#Itau 79391;1381#B Alfa 36466;1380#B Alfa 36467;1382#B Brasil cc;1394#B Brasil gar;616#Banrisul 0-0;617#Banrisul 2-7;9#Bradesco;1403#Caixa 3528;1207#Itau 19051;1214#Itau 44990;1210#Itau 44992;1213#Itau 48199;1399#Safra CC;1211#Santander 1043;716#Sicredi jan19;1400#Safra vinc', 'Codigo SCI e nome da Pasta do banco'),
('224', 'Mês', 'int', 'mes', '98', '1', 'Mês das Pastas'),
('225', 'Ano', 'int', 'ano', '98', '2020', 'Ano das Pastas'),
('226', 'Empresa', 'hidden', 'empresa', '98', '331', ''),
('227', 'Mês', 'int', 'mes', '97', '1', 'Mês das Pastas'),
('228', 'Ano', 'int', 'ano', '97', '2020', 'Ano das Pastas'),
('229', 'Empresa', 'hidden', 'empresa', '97', '332', ''),
('239', 'Mês', 'int', 'mes', '102', '3', 'Mês das pastas'),
('240', 'Ano', 'int', 'ano', '102', '2020', 'Ano das pastas'),
('242', 'ini', 'hidden', 'ini', '102', 'robot-viniciusdalcin', ''),
('245', 'Mês', 'int', 'mes', '103', '3', 'Mês das pastas'),
('246', 'Ano', 'int', 'ano', '103', '2020', 'Ano das pastas'),
('247', 'ini', 'hidden', 'ini', '103', 'robot-evanize', ''),
('261', 'Mês', 'int', 'mes', '101', '2', 'Mês das Pastas'),
('262', 'Ano', 'int', 'ano', '101', '2020', 'Ano das Pastas'),
('263', 'ini', 'hidden', 'ini', '101', 'robot-cbpoacontasapagar', ''),
('273', 'ini', 'hidden', 'ini', '56', 'robot-cbpoa', ''),
('306', 'Empresa(s)', 'int', 'empresa', '95', '', 'Código Da Empresa no Único.'),
('307', 'Conta(s) contábil', 'string', 'contaCTB', '95', '148', 'Conta contábil a conciliar. Para várias separar por ;'),
('308', 'Data inicial', 'date', 'dataInicial', '95', '2021-01-01', 'Data de inicio da conciliação'),
('309', 'Data Final', 'date', 'dataFinal', '95', '2021-12-31', 'Data fim da conciliação'),
('310', 'Zerar conciliação?', 'boolean', 'zerarConciliacao', '95', '0', 'Refazer toda a conciliação do periodo escolhido.'),
('311', 'Participante(s)', 'string', 'participant', '95', '', 'Código do participante'),
('312', 'Mês', 'int', 'mes', '22', '11', 'Mês das pastas'),
('313', 'Ano', 'int', 'ano', '22', '2021', 'Ano das pastas'),
('314', 'Mês', 'int', 'mes', '104', '12', 'Mês das Pastas'),
('315', 'Ano', 'int', 'ano', '104', '2020', 'Ano das Pastas'),
('589', 'Mês', 'int', 'mes', '106', '1', 'Mês das Pastas'),
('590', 'Ano', 'int', 'ano', '106', '2021', 'Ano das Pastas'),
('609', 'ini', 'hidden', 'ini', '106', 'robot-rock', 'Nome pasta da empresa em contábil'),
('623', 'Id Config', 'hidden', 'config', '23', 'efioreze', ''),
('624', 'pastaEmpresa', 'hidden', 'pastaEmpresa', '23', 'E.Fioreze', ''),
('631', 'Mês', 'int', 'mes', '77', '11', 'Mês das pastas'),
('632', 'Ano', 'int', 'ano', '77', '2020', 'Ano das pastas'),
('633', 'config', 'hidden', 'config', '77', 'grafica', 'config'),
('635', 'pastaEmpresa', 'hidden', 'pastaEmpresa', '77', 'Grafica e Editora Relampago Ltda', ''),
('636', 'ini', 'hidden', 'ini', '72', 'robot-pontoonline', 'ini'),
('637', 'Mês', 'int', 'mes', '107', '3', 'Mês das pastas'),
('638', 'Ano', 'int', 'ano', '107', '2021', 'Ano das pastas'),
('639', 'Ini', 'hidden', 'ini', '107', 'robot-baruffaldiadv', 'ini'),
('640', 'Mês', 'int', 'mes', '108', '3', 'Mês das pastas'),
('641', 'Ano', 'int', 'ano', '108', '2021', 'Ano das pastas'),
('642', 'ini', 'hidden', 'ini', '108', 'robot-baruffaldiinv', 'ini'),
('643', 'Mês', 'int', 'mes', '109', '3', 'Mês das pastas'),
('644', 'Ano', 'int', 'ano', '109', '2021', 'Ano das pastas'),
('645', 'ini', 'hidden', 'ini', '109', 'robot-protecaesSTD', 'ini'),
('649', 'Mês', 'int', 'mes', '110', '3', 'Mês das pastas'),
('650', 'Ano', 'int', 'ano', '110', '2021', 'Ano das pastas'),
('651', 'ini', 'hidden', 'ini', '110', 'Robot-Brondani-Importation', 'ini'),
('652', 'Mês', 'int', 'mes', '111', '4', 'Mês das pastas'),
('653', 'Ano', 'int', 'ano', '111', '2021', 'Ano das pastas'),
('654', 'ini', 'hidden', 'ini', '111', 'robot-proteriscoSTD', 'ini'),
('655', 'Mês', 'int', 'mes', '112', '1', 'Mês das pastas'),
('656', 'Ano', 'int', 'ano', '112', '2021', 'Ano das pastas'),
('657', 'ini', 'hidden', 'ini', '112', 'robot-dionisia', 'ini'),
('658', 'Mês', 'int', 'mes', '113', '4', 'Mês das pastas'),
('659', 'Ano', 'int', 'ano', '113', '2021', 'Ano das pastas'),
('662', 'ini', 'hidden', 'ini', '113', 'robot-dwfr2', 'ini'),
('663', 'Mês', 'int', 'mes', '114', '4', 'Mês das pastas'),
('664', 'Ano', 'int', 'ano', '114', '2021', 'Ano das pastas'),
('665', 'ini', 'hidden', 'ini', '114', 'robot-mamoscan', 'ini'),
('675', 'Mês', 'int', 'mes', '115', '5', 'Mês das pastas'),
('676', 'Ano', 'int', 'ano', '115', '2021', 'Ano das pastas'),
('677', 'ini', 'hidden', 'ini', '115', 'robot-protecaesCEFReceb', 'ini'),
('678', 'Mês', 'int', 'mes', '116', '5', 'Mês das pastas'),
('679', 'Ano', 'int', 'ano', '116', '2021', 'Ano das pastas'),
('680', 'ini', 'hidden', 'ini', '116', 'robot-protecaesCEFPag', 'ini'),
('681', 'Mês', 'int', 'mes', '117', '5', 'Mês das pastas'),
('682', 'Ano', 'int', 'ano', '117', '2021', 'Ano das pastas'),
('683', 'ini', 'hidden', 'ini', '117', 'robot-mottinpart', 'ini'),
('684', 'Mês', 'int', 'mes', '118', '6', 'Mês das pastas'),
('685', 'Ano', 'int', 'ano', '118', '2021', 'Ano das pastas'),
('686', 'ini', 'hidden', 'ini', '118', 'robot-brilia', 'ini'),
('687', 'Mês', 'int', 'mes', '119', '6', 'Mês das pastas'),
('688', 'Ano', 'int', 'ano', '119', '2021', 'Ano das pastas'),
('689', 'ini', 'hidden', 'ini', '119', 'robot-bodega', 'ini'),
('690', 'Mês', 'int', 'mes', '120', '7', 'Mês das pastas'),
('691', 'Ano', 'int', 'ano', '120', '2021', 'Ano das pastas'),
('692', 'ini', 'hidden', 'ini', '120', 'robot-Mottin386', 'ini'),
('693', 'Mês', 'int', 'mes', '121', '7', 'Mês das pastas'),
('694', 'Ano', 'int', 'ano', '121', '2021', 'Ano das pastas'),
('695', 'ini', 'hidden', 'ini', '121', 'robot-Mottin025', 'ini'),
('696', 'Mês', 'int', 'mes', '122', '7', 'Mês das pastas'),
('697', 'Ano', 'int', 'ano', '122', '2021', 'Ano das pastas'),
('698', 'ini', 'hidden', 'ini', '122', 'robot-protecaesSTDReceb', 'ini'),
('702', 'Mês', 'int', 'mes', '123', '7', 'Mês das pastas'),
('703', 'Ano', 'int', 'ano', '123', '2021', 'Ano das pastas'),
('704', 'ini', 'hidden', 'ini', '123', 'robot-proteriscoSTDReceb', 'ini'),
('705', 'ini', 'hidden', 'ini', '70', 'robot-jd', 'ini'),
('708', 'Mês', 'int', 'mes', '124', '8', 'Mês das Pastas'),
('709', 'Ano', 'int', 'ano', '124', '2021', 'Ano das Pastas'),
('710', 'ini', 'hidden', 'ini', '124', 'robot-pantano', 'ini'),
('711', 'ini', 'hidden', 'ini', '75', 'robot-sml', 'ini'),
('712', 'ini', 'hidden', 'ini', '84', 'robot-c3', 'ini'),
('713', 'Mês', 'int', 'mes', '128', '1', NULL),
('714', 'Ano', 'int', 'ano', '128', '2022', NULL),
('715', 'Ini', 'hidden', 'ini', '128', 'robot-zampieron_bbcc', NULL),
('716', 'Mês', 'int', 'mes', '129', '1', NULL),
('717', 'Ano', 'int', 'ano', '129', '2022', NULL),
('718', 'Ini', 'hidden', 'ini', '129', 'robot-zampieron_banri00', NULL),
('719', 'Mês', 'int', 'mes', '130', '1', NULL),
('720', 'Ano', 'int', 'ano', '130', '2022', NULL),
('721', 'Ini', 'hidden', 'ini', '130', 'robot-zampieron_banri27', NULL),
('722', 'Mês', 'int', 'mes', '131', '1', NULL),
('723', 'Ano', 'int', 'ano', '131', '2022', NULL),
('724', 'Ini', 'hidden', 'ini', '131', 'robot-zampieron_brad', NULL),
('725', 'Mês', 'int', 'mes', '132', '1', NULL),
('726', 'Ano', 'int', 'ano', '132', '2022', NULL),
('727', 'Ini', 'hidden', 'ini', '132', 'robot-zampieron_caixa', NULL),
('728', 'Mês', 'int', 'mes', '133', '1', NULL),
('729', 'Ano', 'int', 'ano', '133', '2022', NULL),
('730', 'Ini', 'hidden', 'ini', '133', 'robot-zampieron_itau19051', NULL),
('731', 'Mês', 'int', 'mes', '134', '1', NULL),
('732', 'Ano', 'int', 'ano', '134', '2022', NULL),
('733', 'Ini', 'hidden', 'ini', '134', 'robot-zampieron_itau79391', NULL),
('734', 'Mês', 'int', 'mes', '135', '1', NULL),
('735', 'Ano', 'int', 'ano', '135', '2022', NULL),
('736', 'Ini', 'hidden', 'ini', '135', 'robot-zampieron_caixaadm', NULL),
('737', 'Mês', 'int', 'mes', '136', '1', NULL),
('738', 'Ano', 'int', 'ano', '136', '2022', NULL),
('739', 'Ini', 'hidden', 'ini', '136', 'robot-zampieron_itauaton', NULL),
('740', 'Mês', 'int', 'mes', '137', '1', NULL),
('741', 'Ano', 'int', 'ano', '137', '2022', NULL),
('742', 'Ini', 'hidden', 'ini', '137', 'robot-zampieron_safracc', NULL),
('743', 'Mês', 'int', 'mes', '138', '1', NULL),
('744', 'Ano', 'int', 'ano', '138', '2022', NULL),
('745', 'Ini', 'hidden', 'ini', '138', 'robot-zampieron_safravinc', NULL),
('746', 'Mês', 'int', 'mes', '139', '1', NULL),
('747', 'Ano', 'int', 'ano', '139', '2022', NULL),
('748', 'Ini', 'hidden', 'ini', '139', 'robot-zampieron_santander1043', NULL),
('749', 'Mês', 'int', 'mes', '140', '1', NULL),
('750', 'Ano', 'int', 'ano', '140', '2022', NULL),
('751', 'Ini', 'hidden', 'ini', '140', 'robot-zampieron_sicredi', NULL),
('752', 'Mês', 'int', 'mes', '141', '1', NULL),
('753', 'Ano', 'int', 'ano', '141', '2022', NULL),
('754', 'Ini', 'hidden', 'ini', '141', 'robot-zampieron_sofisa', NULL),
('755', 'Mês', 'int', 'mes', '142', '6', NULL),
('756', 'Ano', 'int', 'ano', '142', '2022', NULL),
('757', 'Ini', 'hidden', 'ini', '142', 'robot-', NULL),
('761', 'Mês', 'int', 'mes', '144', '6', NULL),
('762', 'Ano', 'int', 'ano', '144', '2022', NULL),
('764', 'Mês', 'int', 'mes', '145', '6', NULL),
('765', 'Ano', 'int', 'ano', '145', '2022', NULL),
('766', 'Empresa', 'hidden', 'empresa', '145', '331', NULL);

INSERT INTO "sqlite_sequence" ("name", "seq") VALUES
('robots_parameters', '772'),
('robots', '147'),
('calls', '38');
